{
   "gamitamodels.pack_gm_dragon_angel.entradadehabilidad1":{
		 "sounds": [
                        "gamitamodels/pack_gm_dragon_angel/entradadehabilidad1"
        ]
        },
   "gamitamodels.pack_gm_dragon_angel.entradadehabilidad2":{
		 "sounds": [
                        "gamitamodels/pack_gm_dragon_angel/entradadehabilidad2"
        ]
        },
   "gamitamodels.pack_gm_dragon_angel.entradadehabilidad3":{
		 "sounds": [
                        "gamitamodels/pack_gm_dragon_angel/entradadehabilidad3"
        ]
        },
   "gamitamodels.pack_gm_dragon_angel.entradadehabilidad4":{
		 "sounds": [
                        "gamitamodels/pack_gm_dragon_angel/entradadehabilidad4"
        ]
        },
   "gamitamodels.pack_gm_dragon_angel.entradadehabilidad5":{
		 "sounds": [
                        "gamitamodels/pack_gm_dragon_angel/entradadehabilidad5"
        ]
        },
   "gamitamodels.pack_gm_dragon_angel.entradadehabilidad6":{
		 "sounds": [
                        "gamitamodels/pack_gm_dragon_angel/entradadehabilidad6"
        ]
        },
   "gamitamodels.pack_gm_dragon_angel.voicedragon1":{
		 "sounds": [
                        "gamitamodels/pack_gm_dragon_angel/voicedragon1"
        ]
        },
   "gamitamodels.pack_gm_dragon_angel.voicedragon2":{
		 "sounds": [
                        "gamitamodels/pack_gm_dragon_angel/voicedragon2"
        ]
        },
   "gamitamodels.pack_gm_dragon_angel.voicedragon3":{
		 "sounds": [
                        "gamitamodels/pack_gm_dragon_angel/voicedragon3"
        ]
        },
   "gamitamodels.pack_gm_dragon_angel.voicedragon4":{
		 "sounds": [
                        "gamitamodels/pack_gm_dragon_angel/voicedragon4"
        ]
        },
   "gamitamodels.pack_gm_dragon_angel.voicedragon5":{
		 "sounds": [
                        "gamitamodels/pack_gm_dragon_angel/voicedragon5"
        ]
        },
   "gamitamodels.pack_gm_dragon_angel.voicedragon6":{
		 "sounds": [
                        "gamitamodels/pack_gm_dragon_angel/voicedragon6"
        ]
        }
}